{"time":4.123662818940519e+07,"_runtime":41972.233049479,"_step":2415919104,"_wandb":{"runtime":41972},"val_loss":3.3612735271453857,"_timestamp":1.750628582067592e+09}