{"_runtime":28505.251006046,"_step":2499805184,"val_loss":3.377883195877075,"_wandb":{"runtime":28505},"_timestamp":1.7492264655929012e+09,"time":2.8137468907013535e+07}