{"time":4.092395191047876e+07,"_runtime":41369.714804662,"_step":2499805184,"_wandb":{"runtime":41369},"val_loss":3.349576473236084,"_timestamp":1.7502732725564857e+09}