{"_wandb":{"runtime":34745},"val_loss":3.3630599975585938,"_timestamp":1.7491214993245308e+09,"time":3.4359932655977905e+07,"_runtime":34745.756372841,"_step":2499805184}