{"val_loss": 3.3821325302124023, "_timestamp": 1744329712.8181167, "time": 19444537.07622199, "_runtime": 19795.606845024, "_step": 2499805184}